Title,Description,Link,Image URL,Board
My Cat Is Judging You Funny Cat Lover T-Shirt,"Purrfect for cat lovers! 🐱 My Cat Is Judging You Funny Cat Lover T-Shirt. Available as stickers, tees, phone cases & more. Shop MiniCanvasArt on Redbubble! #catlover #catmom #cat #catdad #funnycats",https://www.redbubble.com/i/t-shirt/My-Cat-Is-Judging-You-Funny-Cat-Lover-T-Shirt-by-MiniCanvasArt/179726878/z5wf,"https://ih1.redbubble.net/image.6111547942.6878/ssrco,essential_tee,mens_01,4f4942:33c5b16199,front,product_square,x600.u3.jpg",Cat Lover Gifts
I Paused My Game For This Funny Gamer T-Shirt,Geek humor at its finest 🎮 I Paused My Game For This Funny Gamer T-Shirt. Perfect gift for gamers & programmers! Shop MiniCanvasArt on Redbubble. #gamer #gaming #funnygamer #videogame #gamecontrollers,https://www.redbubble.com/i/art-board-print/I-Paused-My-Game-For-This-Funny-Gamer-T-Shirt-by-MiniCanvasArt/179727679/xpmg,"https://ih1.redbubble.net/image.6111569057.7679/gbrf,6x6,f,540x540-pad,450x450,f8f8f8.u3.jpg",Funny Geek & Gamer Gifts
I'm Fine. Everything Is Fine.,"So relatable 😄 I'm Fine. Everything Is Fine.. Wear your mood! Available as stickers, tees & more. Shop MiniCanvasArt on Redbubble. #sarcastic #imfineeverythingisfine #funnyanxiety #firememe #relatablehumor",https://www.redbubble.com/i/t-shirt/I-m-Fine-Everything-Is-Fine-by-MiniCanvasArt/179776140/lrcw,"https://ih1.redbubble.net/image.6112911608.6140/ssrco,classic_tee,mens_02,fafafa:ca443f4786,front,product_square,x600.u2.jpg",Funny T-Shirts & Stickers
Skill Issue,Geek humor at its finest 🎮 Skill Issue. Perfect gift for gamers & programmers! Shop MiniCanvasArt on Redbubble. #skillissue #gamer #gaminghumor #funnygamer #twitch,https://www.redbubble.com/i/poster/Skill-Issue-by-MiniCanvasArt/179776181/flk2,"https://ih1.redbubble.net/image.6112912844.6181/fposter,small,wall_texture,square_product,600x600.u2.jpg",Funny Geek & Gamer Gifts
My Cat Hates You Too,"Purrfect for cat lovers! 🐱 My Cat Hates You Too. Available as stickers, tees, phone cases & more. Shop MiniCanvasArt on Redbubble! #catlover #funnycat #catmom #catdad #antisocialcat",https://www.redbubble.com/i/sticker/My-Cat-Hates-You-Too-by-MiniCanvasArt/179776219/7sgk,"https://ih1.redbubble.net/image.6112913900.6219/st,small,507x507-pad,600x600,f8f8f8.u2.jpg",Cat Lover Gifts
Espresso Yourself,"For coffee addicts ☕ Espresso Yourself. Perfect gift for coffee lovers! Available as stickers, mugs & tees on Redbubble. #coffeepun #espressoyourself #coffeelover #barista #caffeinehumor",https://www.redbubble.com/i/t-shirt/Espresso-Yourself-by-MiniCanvasArt/179776258/lrcw,"https://ih1.redbubble.net/image.6112915423.6258/ssrco,classic_tee,mens_02,fafafa:ca443f4786,front,product_square,x600.u2.jpg",Coffee Lover Gifts
Main Character Energy,"Minimalist art for modern spaces ✨ Main Character Energy. Available as prints, stickers & tees. Shop MiniCanvasArt on Redbubble! #maincharacterenergy #maincharacter #tiktok #genz #selflove",https://www.redbubble.com/i/poster/Main-Character-Energy-by-MiniCanvasArt/179776300/flk2,"https://ih1.redbubble.net/image.6112916827.6300/fposter,small,wall_texture,square_product,600x600.u2.jpg",Minimalist Art Prints
Sorry I'm Late. I Didn't Want To Come.,"So relatable 😄 Sorry I'm Late. I Didn't Want To Come.. Wear your mood! Available as stickers, tees & more. Shop MiniCanvasArt on Redbubble. #antisocial #sorryimlate #introverthumor #funny #sarcastic",https://www.redbubble.com/i/canvas-print/Sorry-I-m-Late-I-Didn-t-Want-To-Come-by-MiniCanvasArt/179776519/5mul,"https://ih1.redbubble.net/image.6112924478.6519/mp,504x498,matte,f8f8f8,t-pad,600x600,f8f8f8.u2.jpg",Funny T-Shirts & Stickers
Professionally Overthinking Since Birth,"So relatable 😄 Professionally Overthinking Since Birth. Wear your mood! Available as stickers, tees & more. Shop MiniCanvasArt on Redbubble. #overthinking #anxietyhumor #overthinker #mentalhealthhumor #funny",https://www.redbubble.com/i/notebook/Professionally-Overthinking-Since-Birth-by-MiniCanvasArt/179776534/fxz2,"https://ih1.redbubble.net/image.6112925055.6534/hj,496x-pad,600x600,f8f8f8.u2.jpg",Funny T-Shirts & Stickers
I Turn Coffee Into Complaints,"For coffee addicts ☕ I Turn Coffee Into Complaints. Perfect gift for coffee lovers! Available as stickers, mugs & tees on Redbubble. #coffeehumor #funnycoffee #coffeelover #barista #sarcastic",https://www.redbubble.com/i/sticker/I-Turn-Coffee-Into-Complaints-by-MiniCanvasArt/179776552/7sgk,"https://ih1.redbubble.net/image.6112925790.6552/st,small,507x507-pad,600x600,f8f8f8.u2.jpg",Coffee Lover Gifts
Cat Person. Obviously.,"Purrfect for cat lovers! 🐱 Cat Person. Obviously.. Available as stickers, tees, phone cases & more. Shop MiniCanvasArt on Redbubble! #catperson #catlover #catmom #catdad #cathumor",https://www.redbubble.com/i/sticker/Cat-Person-Obviously-by-MiniCanvasArt/179776572/7sgk,"https://ih1.redbubble.net/image.6112926363.6572/st,small,507x507-pad,600x600,f8f8f8.u2.jpg",Cat Lover Gifts
My Cat Is Enough,"Purrfect for cat lovers! 🐱 My Cat Is Enough. Available as stickers, tees, phone cases & more. Shop MiniCanvasArt on Redbubble! #cozycat #mycatisenough #catlover #catmom #catlady",https://www.redbubble.com/i/poster/My-Cat-Is-Enough-by-MiniCanvasArt/179776584/flk2,"https://ih1.redbubble.net/image.6112926917.6584/fposter,small,wall_texture,square_product,600x600.u2.jpg",Cat Lover Gifts
Decaf? Disrespect. Framed,"For coffee addicts ☕ Decaf? Disrespect. Framed. Perfect gift for coffee lovers! Available as stickers, mugs & tees on Redbubble. #coffeehumor #decaf #coffeelover #barista #caffeine",https://www.redbubble.com/i/framed-print/Decaf-Disrespect-by-MiniCanvasArt/179776741/lmvc,"https://ih1.redbubble.net/image.6112932229.6741/fp,504x498,black,off_white,box20,s,f8f8f8-pad,600x600,f8f8f8.u2.jpg",Coffee Lover Gifts
Coffee First. Feelings Never.,"For coffee addicts ☕ Coffee First. Feelings Never.. Perfect gift for coffee lovers! Available as stickers, mugs & tees on Redbubble. #coffeefirst #coffeelover #funnycoffee #nofeelings #sarcastic",https://www.redbubble.com/i/sticker/Coffee-First-Feelings-Never-by-MiniCanvasArt/179776763/7sgk,"https://ih1.redbubble.net/image.6112932881.6763/st,small,507x507-pad,600x600,f8f8f8.u2.jpg",Coffee Lover Gifts
Fueled By Caffeine & Spite,"For coffee addicts ☕ Fueled By Caffeine & Spite. Perfect gift for coffee lovers! Available as stickers, mugs & tees on Redbubble. #caffeineandspite #fueledbycaffeine #funny #coffeelover #sarcastic",https://www.redbubble.com/i/poster/Fueled-By-Caffeine-and-Spite-by-MiniCanvasArt/179776797/flk2,"https://ih1.redbubble.net/image.6112933805.6797/fposter,small,wall_texture,square_product,600x600.u2.jpg",Coffee Lover Gifts
Doing My Best. Barely.,"So relatable 😄 Doing My Best. Barely.. Wear your mood! Available as stickers, tees & more. Shop MiniCanvasArt on Redbubble. #relatablehumor #doingmybest #barely #relatable #funny",https://www.redbubble.com/i/t-shirt/Doing-My-Best-Barely-by-MiniCanvasArt/179776813/z5wf,"https://ih1.redbubble.net/image.6112934434.6813/ssrco,essential_tee,mens_01,fafafa:ca443f4786,front,product_square,x600.u2.jpg",Funny T-Shirts & Stickers
Nope. Still Nope.,"So relatable 😄 Nope. Still Nope.. Wear your mood! Available as stickers, tees & more. Shop MiniCanvasArt on Redbubble. #introverthumor #nope #stillnope #introvert #antisocial",https://www.redbubble.com/i/sticker/Nope-Still-Nope-by-MiniCanvasArt/179776835/7sgk,"https://ih1.redbubble.net/image.179776835/flat,750x,075,f-pad,750x1000,f8f8f8.jpg",Funny T-Shirts & Stickers
Tried. Tired. Done.,"So relatable 😄 Tried. Tired. Done.. Wear your mood! Available as stickers, tees & more. Shop MiniCanvasArt on Redbubble. #relatablehumor #triedtireddone #exhausted #relatable #burnout",https://www.redbubble.com/i/canvas-print/Tried-Tired-Done-by-MiniCanvasArt/179776854/5mul,"https://ih1.redbubble.net/image.179776854/flat,750x,075,f-pad,750x1000,f8f8f8.jpg",Funny T-Shirts & Stickers
Functioning? Debatable. Holographic,"So relatable 😄 Functioning? Debatable. Holographic. Wear your mood! Available as stickers, tees & more. Shop MiniCanvasArt on Redbubble. #relatablehumor #functioningdebatable #funny #relatable #tired",https://www.redbubble.com/i/holographic-sticker/Functioning-Debatable-by-MiniCanvasArt/179776880/mtb4,"https://ih1.redbubble.net/image.179776880/flat,750x,075,f-pad,750x1000,f8f8f8.jpg",Funny T-Shirts & Stickers
Offline In Real Life,Geek humor at its finest 🎮 Offline In Real Life. Perfect gift for gamers & programmers! Shop MiniCanvasArt on Redbubble. #introverthumor #offline #introvert #antisocial #gamer,https://www.redbubble.com/i/photographic-print/Offline-In-Real-Life-by-MiniCanvasArt/179776900/zltf,"https://ih1.redbubble.net/image.179776900/flat,750x,075,f-pad,750x1000,f8f8f8.jpg",Funny Geek & Gamer Gifts
Respawn Pending,Geek humor at its finest 🎮 Respawn Pending. Perfect gift for gamers & programmers! Shop MiniCanvasArt on Redbubble. #gamerhumor #respawnpending #gamer #gaminghumor #funnygamer,https://www.redbubble.com/i/greeting-card/Respawn-Pending-by-MiniCanvasArt/179776929/qjsu,"https://ih1.redbubble.net/image.179776929/flat,750x,075,f-pad,750x1000,f8f8f8.jpg",Funny Geek & Gamer Gifts
AFK Forever,Geek humor at its finest 🎮 AFK Forever. Perfect gift for gamers & programmers! Shop MiniCanvasArt on Redbubble. #gamerhumor #afkforever #afk #awayfromkeyboard #funnygaming,https://www.redbubble.com/i/poster/AFK-Forever-by-MiniCanvasArt/179776947/flk2,"https://ih1.redbubble.net/image.179776947/flat,750x,075,f-pad,750x1000,f8f8f8.jpg",Funny Geek & Gamer Gifts
Decaf Is Just A Warm Hug For Quitters Funny Coffee Shirt,"For coffee addicts ☕ Decaf Is Just A Warm Hug For Quitters Funny Coffee Shirt. Perfect gift for coffee lovers! Available as stickers, mugs & tees on Redbubble. #coffeelover #coffeeaddict #decaf #caffeine #coffeehumor",https://www.redbubble.com/i/t-shirt/Decaf-Is-Just-A-Warm-Hug-For-Quitters-Funny-Coffee-Shirt-by-MiniCanvasArt/179774819/4d7w,"https://ih1.redbubble.net/image.179774819/flat,750x,075,f-pad,750x1000,f8f8f8.jpg",Coffee Lover Gifts
Level Up Your Life Funny Gamer Motivational T-Shirt,Geek humor at its finest 🎮 Level Up Your Life Funny Gamer Motivational T-Shirt. Perfect gift for gamers & programmers! Shop MiniCanvasArt on Redbubble. #gamermotivation #levelup #gamer #gamingmotivation #respawn,https://www.redbubble.com/i/iphone-case/Level-Up-Your-Life-Funny-Gamer-Motivational-T-Shirt-by-MiniCanvasArt/179774898/3bp7,"https://ih1.redbubble.net/image.179774898/flat,750x,075,f-pad,750x1000,f8f8f8.jpg",Funny Geek & Gamer Gifts
Owned By A Cat Funny Cat Mom Dad T-Shirt,"Purrfect for cat lovers! 🐱 Owned By A Cat Funny Cat Mom Dad T-Shirt. Available as stickers, tees, phone cases & more. Shop MiniCanvasArt on Redbubble! #catowner #catmom #catdad #ownedbycat #funnycat",https://www.redbubble.com/i/t-shirt/Owned-By-A-Cat-Funny-Cat-Mom-Dad-T-Shirt-by-MiniCanvasArt/179774974/lrcw,"https://ih1.redbubble.net/image.179774974/flat,750x,075,f-pad,750x1000,f8f8f8.jpg",Cat Lover Gifts
No WiFi No Life Funny Internet Addict T-Shirt,Geek humor at its finest 🎮 No WiFi No Life Funny Internet Addict T-Shirt. Perfect gift for gamers & programmers! Shop MiniCanvasArt on Redbubble. #internethumor #wifi #nowifi #internetaddict #techhumor,https://www.redbubble.com/i/t-shirt/No-WiFi-No-Life-Funny-Internet-Addict-T-Shirt-by-MiniCanvasArt/179775061/lrcw,"https://ih1.redbubble.net/image.179775061/flat,750x,075,f-pad,750x1000,f8f8f8.jpg",Funny Geek & Gamer Gifts
Professional Overthinker Funny Anxiety T-Shirt,"So relatable 😄 Professional Overthinker Funny Anxiety T-Shirt. Wear your mood! Available as stickers, tees & more. Shop MiniCanvasArt on Redbubble. #overthinker #anxietyhumor #mentalhealth #thinkingtoomuch #funnyanxiety",https://www.redbubble.com/i/t-shirt/Professional-Overthinker-Funny-Anxiety-T-Shirt-by-MiniCanvasArt/179775147/lrcw,"https://ih1.redbubble.net/image.179775147/flat,750x,075,f-pad,750x1000,f8f8f8.jpg",Funny T-Shirts & Stickers
Send Help And Coffee Funny Tired T-Shirt,"For coffee addicts ☕ Send Help And Coffee Funny Tired T-Shirt. Perfect gift for coffee lovers! Available as stickers, mugs & tees on Redbubble. #coffeelover #sendhelp #coffee #tiredhumor #funnycoffee",https://www.redbubble.com/i/t-shirt/Send-Help-And-Coffee-Funny-Tired-T-Shirt-by-MiniCanvasArt/179775222/lrcw,"https://ih1.redbubble.net/image.179775222/flat,750x,075,f-pad,750x1000,f8f8f8.jpg",Coffee Lover Gifts
Mentally On Vacation Funny Work Humor T-Shirt,"Purrfect for cat lovers! 🐱 Mentally On Vacation Funny Work Humor T-Shirt. Available as stickers, tees, phone cases & more. Shop MiniCanvasArt on Redbubble! #workhumor #vacation #mentallyonvacation #officehumor #funnywork",https://www.redbubble.com/i/t-shirt/Mentally-On-Vacation-Funny-Work-Humor-T-Shirt-by-MiniCanvasArt/179775377/lrcw,"https://ih1.redbubble.net/image.179775377/flat,750x,075,f-pad,750x1000,f8f8f8.jpg",Cat Lover Gifts
Warning May Contain Sarcasm Funny Sarcastic T-Shirt,"So relatable 😄 Warning May Contain Sarcasm Funny Sarcastic T-Shirt. Wear your mood! Available as stickers, tees & more. Shop MiniCanvasArt on Redbubble. #sarcasm #sarcastic #warninglabel #funnysarcastic #humor",https://www.redbubble.com/i/poster/Warning-May-Contain-Sarcasm-Funny-Sarcastic-T-Shirt-by-MiniCanvasArt/179775438/flk2,"https://ih1.redbubble.net/image.179775438/flat,750x,075,f-pad,750x1000,f8f8f8.jpg",Funny T-Shirts & Stickers
Error 404 Motivation Not Found Funny Programmer Shirt,Geek humor at its finest 🎮 Error 404 Motivation Not Found Funny Programmer Shirt. Perfect gift for gamers & programmers! Shop MiniCanvasArt on Redbubble. #programmer #error404 #coding #softwaredeveloper #funnyprogrammer,https://www.redbubble.com/i/t-shirt/Error-404-Motivation-Not-Found-Funny-Programmer-Shirt-by-MiniCanvasArt/179726457/lrcw,"https://ih1.redbubble.net/image.179726457/flat,750x,075,f-pad,750x1000,f8f8f8.jpg",Funny Geek & Gamer Gifts
Please Cancel Plans.,"So relatable 😄 Please Cancel Plans.. Wear your mood! Available as stickers, tees & more. Shop MiniCanvasArt on Redbubble. #introverthumor #pleasecancelplans #introvert #cancelplans #antisocial",https://www.redbubble.com/i/poster/Please-Cancel-Plans-by-MiniCanvasArt/179776973/flk2,"https://ih1.redbubble.net/image.179776973/flat,750x,075,f-pad,750x1000,f8f8f8.jpg",Funny T-Shirts & Stickers
Running Late Is My Cardio Funny Lazy T-Shirt Transparent,"So relatable 😄 Running Late Is My Cardio Funny Lazy T-Shirt Transparent. Wear your mood! Available as stickers, tees & more. Shop MiniCanvasArt on Redbubble. #runninglate #cardio #lazyhumor #gymhumor #sarcastic",https://www.redbubble.com/i/sticker/Running-Late-Is-My-Cardio-Funny-Lazy-T-Shirt-by-MiniCanvasArt/179729005/djes,"https://ih1.redbubble.net/image.179729005/flat,750x,075,f-pad,750x1000,f8f8f8.jpg",Funny T-Shirts & Stickers
I Work Hard So My Cat Can Have A Better Life Funny Cat Shirt,"Purrfect for cat lovers! 🐱 I Work Hard So My Cat Can Have A Better Life Funny Cat Shirt. Available as stickers, tees, phone cases & more. Shop MiniCanvasArt on Redbubble! #catlover #catmom #catlady #catlove #catdad",https://www.redbubble.com/i/poster/I-Work-Hard-So-My-Cat-Can-Have-A-Better-Life-Funny-Cat-Shirt-by-MiniCanvasArt/179728243/flk2,"https://ih1.redbubble.net/image.179728243/flat,750x,075,f-pad,750x1000,f8f8f8.jpg",Cat Lover Gifts
Don't Talk To Me I'm Buffering Funny Introvert T-Shirt,Geek humor at its finest 🎮 Don't Talk To Me I'm Buffering Funny Introvert T-Shirt. Perfect gift for gamers & programmers! Shop MiniCanvasArt on Redbubble. #introvert #buffering #antisocial #funnyintrovert #techhumor,https://www.redbubble.com/i/art-print/Don-t-Talk-To-Me-I-m-Buffering-Funny-Introvert-T-Shirt-by-MiniCanvasArt/179729086/wqnt,"https://ih1.redbubble.net/image.179729086/flat,750x,075,f-pad,750x1000,f8f8f8.jpg",Funny Geek & Gamer Gifts
Abs Are Great But Have You Tried Pizza Funny Food Shirt,"So relatable 😄 Abs Are Great But Have You Tried Pizza Funny Food Shirt. Wear your mood! Available as stickers, tees & more. Shop MiniCanvasArt on Redbubble. #pizzalover #pizza #funnyfood #foodhumor #gymhumor",https://www.redbubble.com/i/poster/Abs-Are-Great-But-Have-You-Tried-Pizza-Funny-Food-Shirt-by-MiniCanvasArt/179729155/flk2,"https://ih1.redbubble.net/image.179729155/flat,750x,075,f-pad,750x1000,f8f8f8.jpg",Funny T-Shirts & Stickers
Fueled By Caffeine And Bad Decisions Funny Coffee Shirt,"For coffee addicts ☕ Fueled By Caffeine And Bad Decisions Funny Coffee Shirt. Perfect gift for coffee lovers! Available as stickers, mugs & tees on Redbubble. #coffee #coffeelover #caffeine #funnycoffee #coffeeaddict",https://www.redbubble.com/i/tote-bag/Fueled-By-Caffeine-And-Bad-Decisions-Funny-Coffee-Shirt-by-MiniCanvasArt/179729251/xd4m,"https://ih1.redbubble.net/image.179729251/flat,750x,075,f-pad,750x1000,f8f8f8.jpg",Coffee Lover Gifts
I Survived Another Meeting That Could've Been An Email,"So relatable 😄 I Survived Another Meeting That Could've Been An Email. Wear your mood! Available as stickers, tees & more. Shop MiniCanvasArt on Redbubble. #funnywork #officehumor #coworker #workfromhome #meeting",https://www.redbubble.com/i/sticker/I-Survived-Another-Meeting-That-Could-ve-Been-An-Email-by-MiniCanvasArt/179729468/7sgk,"https://ih1.redbubble.net/image.179729468/flat,750x,075,f-pad,750x1000,f8f8f8.jpg",Funny T-Shirts & Stickers
Ctrl Z My Entire Life Funny Programmer T-Shirt,Geek humor at its finest 🎮 Ctrl Z My Entire Life Funny Programmer T-Shirt. Perfect gift for gamers & programmers! Shop MiniCanvasArt on Redbubble. #programmer #ctrlz #undo #programmerhumor #softwaredeveloper,https://www.redbubble.com/i/throw-pillow/Ctrl-Z-My-Entire-Life-Funny-Programmer-T-Shirt-by-MiniCanvasArt/179728877/xwxm,"https://ih1.redbubble.net/image.179728877/flat,750x,075,f-pad,750x1000,f8f8f8.jpg",Funny Geek & Gamer Gifts
Built Different Mostly From Pasta Funny Food T-Shirt,"So relatable 😄 Built Different Mostly From Pasta Funny Food T-Shirt. Wear your mood! Available as stickers, tees & more. Shop MiniCanvasArt on Redbubble. #pastalover #pasta #foodhumor #foodie #funnyfood",https://www.redbubble.com/i/sticker/Built-Different-Mostly-From-Pasta-Funny-Food-T-Shirt-by-MiniCanvasArt/179774722/7sgk,"https://ih1.redbubble.net/image.179774722/flat,750x,075,f-pad,750x1000,f8f8f8.jpg",Funny T-Shirts & Stickers
Majestic Mountain Peak and Mirror Lake Reflection,"Adventure awaits 🏔️ Majestic Mountain Peak and Mirror Lake Reflection. Beautiful art for nature lovers! Available as prints, stickers & tees on Redbubble. #mountainlandscape #mirrorlake #reflection #natureaesthetic #pineforest",https://www.redbubble.com/i/sticker/Majestic-Mountain-Peak-and-Mirror-Lake-Reflection-by-MiniCanvasArt/180075353/7sgk,"https://ih1.redbubble.net/image.180075353/flat,750x,075,f-pad,750x1000,f8f8f8.jpg",Nature & Adventure Art
The Great Wave and Moonlight Sailing Ship,"Japanese-inspired art 🌸 The Great Wave and Moonlight Sailing Ship. Available as prints, stickers & tees. Shop MiniCanvasArt on Redbubble! #greatwave #sailingship #moonlightocean #nauticalart #stormysea",https://www.redbubble.com/i/t-shirt/The-Great-Wave-and-Moonlight-Sailing-Ship-by-MiniCanvasArt/180075500/lrcw,"https://ih1.redbubble.net/image.180075500/flat,750x,075,f-pad,750x1000,f8f8f8.jpg",Japanese Aesthetic Art
Mystical Solar Eclipse over Pine Forest Lake,"Japanese-inspired art 🌸 Mystical Solar Eclipse over Pine Forest Lake. Available as prints, stickers & tees. Shop MiniCanvasArt on Redbubble! #solareclipse #forestlake #pinetrees #mysticalnature #goldenhour",https://www.redbubble.com/i/hat/Mystical-Solar-Eclipse-over-Pine-Forest-Lake-by-MiniCanvasArt/180074474/4sgw,"https://ih1.redbubble.net/image.180074474/flat,750x,075,f-pad,750x1000,f8f8f8.jpg",Japanese Aesthetic Art
Funny Hanging Black Cat Minimalist Art,"Purrfect for cat lovers! 🐱 Funny Hanging Black Cat Minimalist Art. Available as stickers, tees, phone cases & more. Shop MiniCanvasArt on Redbubble! #blackcat #hangingcat #catlover #minimalistcat #funnyanimal",https://www.redbubble.com/i/sticker/Funny-Hanging-Black-Cat-Minimalist-Art-by-MiniCanvasArt/180075914/7sgk,"https://ih1.redbubble.net/image.180075914/flat,750x,075,f-pad,750x1000,f8f8f8.jpg",Cat Lover Gifts
Majestic Mountain Peak & Mirror Lake Reflection,"Adventure awaits 🏔️ Majestic Mountain Peak & Mirror Lake Reflection. Beautiful art for nature lovers! Available as prints, stickers & tees on Redbubble. #mountainlandscape #mirrorlake #reflection #natureaesthetic #pineforest",https://www.redbubble.com/i/poster/Majestic-Mountain-Peak-and-Mirror-Lake-Reflection-by-MiniCanvasArt/180074612/flk2,"https://ih1.redbubble.net/image.180074612/flat,750x,075,f-pad,750x1000,f8f8f8.jpg",Nature & Adventure Art
Gone Surfing Vintage Retro Sunset Surfer,"Adventure awaits 🏔️ Gone Surfing Vintage Retro Sunset Surfer. Beautiful art for nature lovers! Available as prints, stickers & tees on Redbubble. #gonesurfing #surfer #retrosunset #vintagebeach #summervibes",https://www.redbubble.com/i/poster/Gone-Surfing-Vintage-Retro-Sunset-Surfer-by-MiniCanvasArt/180053856/flk2,"https://ih1.redbubble.net/image.180053856/flat,750x,075,f-pad,750x1000,f8f8f8.jpg",Nature & Adventure Art
Mystical Solar Eclipse Over Mountain Lake,"Japanese-inspired art 🌸 Mystical Solar Eclipse Over Mountain Lake. Available as prints, stickers & tees. Shop MiniCanvasArt on Redbubble! #solareclipse #mountainlake #pineforest #mysticalnature #celestialart",https://www.redbubble.com/i/t-shirt/Mystical-Solar-Eclipse-Over-Mountain-Lake-by-MiniCanvasArt/180074712/lrcw,"https://ih1.redbubble.net/image.180074712/flat,750x,075,f-pad,750x1000,f8f8f8.jpg",Japanese Aesthetic Art
On Island Time Funny Retro Surfing Sunset,"Purrfect for cat lovers! 🐱 On Island Time Funny Retro Surfing Sunset. Available as stickers, tees, phone cases & more. Shop MiniCanvasArt on Redbubble! #surfing #summervibes #tropicalparadise #retrosunset #beachlife",https://www.redbubble.com/i/t-shirt/On-Island-Time-Funny-Retro-Surfing-Sunset-by-MiniCanvasArt/180053973/wsjt8g,"https://ih1.redbubble.net/image.180053973/flat,750x,075,f-pad,750x1000,f8f8f8.jpg",Cat Lover Gifts
Mystical Solar Eclipse Over Serene Mountain Lake,"Japanese-inspired art 🌸 Mystical Solar Eclipse Over Serene Mountain Lake. Available as prints, stickers & tees. Shop MiniCanvasArt on Redbubble! #solareclipse #mountainlake #pineforest #mysticalnature #celestialart",https://www.redbubble.com/i/t-shirt/Mystical-Solar-Eclipse-Over-Serene-Mountain-Lake-by-MiniCanvasArt/180074767/z5wf,"https://ih1.redbubble.net/image.180074767/flat,750x,075,f-pad,750x1000,f8f8f8.jpg",Japanese Aesthetic Art
Too Lazy To Care Raccoon Funny Not Today Vintage,"For coffee addicts ☕ Too Lazy To Care Raccoon Funny Not Today Vintage. Perfect gift for coffee lovers! Available as stickers, mugs & tees on Redbubble. #funnyraccoon #toolazytocare #nottoday #trashpanda #lazyday",https://www.redbubble.com/i/sticker/Too-Lazy-To-Care-Raccoon-Funny-Not-Today-Vintage-by-MiniCanvasArt/180052397/7sgk,"https://ih1.redbubble.net/image.180052397/flat,750x,075,f-pad,750x1000,f8f8f8.jpg",Coffee Lover Gifts
Training For The Cringe Olympics Funny Raccoon,"So relatable 😄 Training For The Cringe Olympics Funny Raccoon. Wear your mood! Available as stickers, tees & more. Shop MiniCanvasArt on Redbubble. #raccoon #funnyraccoon #cringeolympics #trashpanda #ironic",https://www.redbubble.com/i/sticker/Training-For-The-Cringe-Olympics-Funny-Raccoon-by-MiniCanvasArt/180052479/7sgk,"https://ih1.redbubble.net/image.180052479/flat,750x,075,f-pad,750x1000,f8f8f8.jpg",Funny T-Shirts & Stickers
Abstract Red Ink Symbol Dark Fantasy Aesthetic,"Minimalist art for modern spaces ✨ Abstract Red Ink Symbol Dark Fantasy Aesthetic. Available as prints, stickers & tees. Shop MiniCanvasArt on Redbubble! ",https://www.redbubble.com/i/t-shirt/Abstract-Red-Ink-Symbol-Dark-Fantasy-Aesthetic-by-MiniCanvasArt/180054232/xcmg,"https://ih1.redbubble.net/image.180054232/flat,750x,075,f-pad,750x1000,f8f8f8.jpg",Minimalist Art Prints
Mentally On Airplane Mode Funny Cat Pizza Relaxing,"Purrfect for cat lovers! 🐱 Mentally On Airplane Mode Funny Cat Pizza Relaxing. Available as stickers, tees, phone cases & more. Shop MiniCanvasArt on Redbubble! #funnycat #mentalhealth #airplane #pizzalover #chill",https://www.redbubble.com/i/sticker/Mentally-On-Airplane-Mode-Funny-Cat-Pizza-Relaxing-by-MiniCanvasArt/180052561/7sgk,"https://ih1.redbubble.net/image.180052561/flat,750x,075,f-pad,750x1000,f8f8f8.jpg",Cat Lover Gifts
Blood Moon in Dark Clouds Gothic Aesthetic,"Adventure awaits 🏔️ Blood Moon in Dark Clouds Gothic Aesthetic. Beautiful art for nature lovers! Available as prints, stickers & tees on Redbubble. #redmoon #darkclouds #gothic #mysterious #lunareclipse",https://www.redbubble.com/i/greeting-card/Blood-Moon-in-Dark-Clouds-Gothic-Aesthetic-by-MiniCanvasArt/180054290/qjsu,"https://ih1.redbubble.net/image.180054290/flat,750x,075,f-pad,750x1000,f8f8f8.jpg",Nature & Adventure Art
Cyberpunk Neon Planet Space Galaxy Aesthetic,"Adventure awaits 🏔️ Cyberpunk Neon Planet Space Galaxy Aesthetic. Beautiful art for nature lovers! Available as prints, stickers & tees on Redbubble. #neonplanet #space #galaxy #synthwave #vaporwave",https://www.redbubble.com/i/sticker/Cyberpunk-Neon-Planet-Space-Galaxy-Aesthetic-by-MiniCanvasArt/180054374/7sgk,"https://ih1.redbubble.net/image.180054374/flat,750x,075,f-pad,750x1000,f8f8f8.jpg",Nature & Adventure Art
Certified Problem Avoider Funny Raccoon Retro,"So relatable 😄 Certified Problem Avoider Funny Raccoon Retro. Wear your mood! Available as stickers, tees & more. Shop MiniCanvasArt on Redbubble. #funnyraccoon #problemavoider #trashpanda #lazy #relatable",https://www.redbubble.com/i/sticker/Certified-Problem-Avoider-Funny-Raccoon-Retro-by-MiniCanvasArt/180052708/7sgk,"https://ih1.redbubble.net/image.180052708/flat,750x,075,f-pad,750x1000,f8f8f8.jpg",Funny T-Shirts & Stickers
Funny Hanging White Cat - Minimalist Interactive Art,"Purrfect for cat lovers! 🐱 Funny Hanging White Cat - Minimalist Interactive Art. Available as stickers, tees, phone cases & more. Shop MiniCanvasArt on Redbubble! #whitecat #hangingcat #funnycat #cathumor #cutekitten",https://www.redbubble.com/i/t-shirt/Funny-Hanging-White-Cat-Minimalist-Interactive-Art-by-MiniCanvasArt/180123009/nz95,"https://ih1.redbubble.net/image.180123009/flat,750x,075,f-pad,750x1000,f8f8f8.jpg",Cat Lover Gifts
Curious White Cat Peeking from Pocket - Minimalist Art,"Purrfect for cat lovers! 🐱 Curious White Cat Peeking from Pocket - Minimalist Art. Available as stickers, tees, phone cases & more. Shop MiniCanvasArt on Redbubble! #whitecat #pocketcat #peekingcat #cutekitten #minimalistcat",https://www.redbubble.com/i/t-shirt/Curious-White-Cat-Peeking-from-Pocket-Minimalist-Art-by-MiniCanvasArt/180123074/lrcw,"https://ih1.redbubble.net/image.180123074/flat,750x,075,f-pad,750x1000,f8f8f8.jpg",Cat Lover Gifts
Sleepy White Cat on Pocket - Minimalist Cozy Art,"Purrfect for cat lovers! 🐱 Sleepy White Cat on Pocket - Minimalist Cozy Art. Available as stickers, tees, phone cases & more. Shop MiniCanvasArt on Redbubble! #whitecat #pocketcat #sleepingkitten #cutecat #minimalistcat",https://www.redbubble.com/i/t-shirt/Sleepy-White-Cat-on-Pocket-Minimalist-Cozy-Art-by-MiniCanvasArt/180123122/e22z,"https://ih1.redbubble.net/image.180123122/flat,750x,075,f-pad,750x1000,f8f8f8.jpg",Cat Lover Gifts
Sleepy White Cat Nap - Minimalist Cozy Aesthetic,"Purrfect for cat lovers! 🐱 Sleepy White Cat Nap - Minimalist Cozy Aesthetic. Available as stickers, tees, phone cases & more. Shop MiniCanvasArt on Redbubble! #whitecat #sleepingkitten #catnap #cozyvibes #minimalistcat",https://www.redbubble.com/i/t-shirt/Sleepy-White-Cat-Nap-Minimalist-Cozy-Aesthetic-by-MiniCanvasArt/180123175/z5wf,"https://ih1.redbubble.net/image.180123175/flat,750x,075,f-pad,750x1000,f8f8f8.jpg",Cat Lover Gifts
Red Ink Brush Symbol Dark Fantasy Minimalist,"Minimalist art for modern spaces ✨ Red Ink Brush Symbol Dark Fantasy Minimalist. Available as prints, stickers & tees. Shop MiniCanvasArt on Redbubble! #redsymbol #abstractart #inkwash #brushstroke #darkfantasy",https://www.redbubble.com/i/long-sleeve-t-shirt/Red-Ink-Brush-Symbol-Dark-Fantasy-Minimalist-by-MiniCanvasArt/180054541/lmjc,"https://ih1.redbubble.net/image.180054541/flat,750x,075,f-pad,750x1000,f8f8f8.jpg",Minimalist Art Prints
Curious Peeking Cats - Funny Wall Art,"Purrfect for cat lovers! 🐱 Curious Peeking Cats - Funny Wall Art. Available as stickers, tees, phone cases & more. Shop MiniCanvasArt on Redbubble! #curiouscats #peekingcats #wallcat #funnycats #cutekittens",https://www.redbubble.com/i/t-shirt/Curious-Peeking-Cats-Funny-Wall-Art-by-MiniCanvasArt/180123247/lrcw,"https://ih1.redbubble.net/image.180123247/flat,750x,075,f-pad,750x1000,f8f8f8.jpg",Cat Lover Gifts
Emotionally Out of Office Funny Retro Computer,"So relatable 😄 Emotionally Out of Office Funny Retro Computer. Wear your mood! Available as stickers, tees & more. Shop MiniCanvasArt on Redbubble. #funnycomputer #emotionallyoutofoffice #burnout #workhumor #retrotech",https://www.redbubble.com/i/poster/Emotionally-Out-of-Office-Funny-Retro-Computer-by-MiniCanvasArt/180052898/flk2,"https://ih1.redbubble.net/image.180052898/flat,750x,075,f-pad,750x1000,f8f8f8.jpg",Funny T-Shirts & Stickers
Two Peeking Black Cats - Curious Kitties Minimalist,"Purrfect for cat lovers! 🐱 Two Peeking Black Cats - Curious Kitties Minimalist. Available as stickers, tees, phone cases & more. Shop MiniCanvasArt on Redbubble! #blackcats #peekingcats #funnycatart #catlover #minimalistcats",https://www.redbubble.com/i/t-shirt/Two-Peeking-Black-Cats-Curious-Kitties-Minimalist-by-MiniCanvasArt/180096948/lrcw,"https://ih1.redbubble.net/image.180096948/flat,750x,075,f-pad,750x1000,f8f8f8.jpg",Cat Lover Gifts
Surviving Somehow Opossum Drinking Coffee Transparent,"For coffee addicts ☕ Surviving Somehow Opossum Drinking Coffee Transparent. Perfect gift for coffee lovers! Available as stickers, mugs & tees on Redbubble. #opossum #funnyanimal #coffeelover #chaotic #survivingsomehow",https://www.redbubble.com/i/sticker/Surviving-Somehow-Opossum-Drinking-Coffee-by-MiniCanvasArt/180051999/djes,"https://ih1.redbubble.net/image.180051999/flat,750x,075,f-pad,750x1000,f8f8f8.jpg",Coffee Lover Gifts
Curious White Cat and Goldfish - Minimalist Animal Art,"Purrfect for cat lovers! 🐱 Curious White Cat and Goldfish - Minimalist Animal Art. Available as stickers, tees, phone cases & more. Shop MiniCanvasArt on Redbubble! #whitecat #goldfish #curiouskitty #catlover #minimalistcat",https://www.redbubble.com/i/poster/Curious-White-Cat-and-Goldfish-Minimalist-Animal-Art-by-MiniCanvasArt/180121646/flk2,"https://ih1.redbubble.net/image.180121646/flat,750x,075,f-pad,750x1000,f8f8f8.jpg",Cat Lover Gifts
Emotionally Out of Office Burning Candle Funny Humor,"So relatable 😄 Emotionally Out of Office Burning Candle Funny Humor. Wear your mood! Available as stickers, tees & more. Shop MiniCanvasArt on Redbubble. #emotionallyoutofoffice #burningcandle #workhumor #mentalhealth #relatable",https://www.redbubble.com/i/duvet-cover/Emotionally-Out-of-Office-Burning-Candle-Funny-Humor-by-MiniCanvasArt/180053157/v62y,"https://ih1.redbubble.net/image.180053157/flat,750x,075,f-pad,750x1000,f8f8f8.jpg",Funny T-Shirts & Stickers
Hold On Let Me Overthink This Funny Cat,"Purrfect for cat lovers! 🐱 Hold On Let Me Overthink This Funny Cat. Available as stickers, tees, phone cases & more. Shop MiniCanvasArt on Redbubble! #funnycat #overthinking #anxiety #coffee #mentalhealth",https://www.redbubble.com/i/t-shirt/Hold-On-Let-Me-Overthink-This-Funny-Cat-by-MiniCanvasArt/180052189/z5wf,"https://ih1.redbubble.net/image.180052189/flat,750x,075,f-pad,750x1000,f8f8f8.jpg",Cat Lover Gifts
Japanese Solar Eclipse Red Clouds Aesthetic Art,"Japanese-inspired art 🌸 Japanese Solar Eclipse Red Clouds Aesthetic Art. Available as prints, stickers & tees. Shop MiniCanvasArt on Redbubble! #solareclipse #redclouds #japaneseaesthetic #traditionalart #ukiyoe",https://www.redbubble.com/i/sticker/Japanese-Solar-Eclipse-Red-Clouds-Aesthetic-Art-by-MiniCanvasArt/180054872/7sgk,"https://ih1.redbubble.net/image.180054872/flat,750x,075,f-pad,750x1000,f8f8f8.jpg",Japanese Aesthetic Art
White Cat with Red Heart - Minimalist Love Art,"Purrfect for cat lovers! 🐱 White Cat with Red Heart - Minimalist Love Art. Available as stickers, tees, phone cases & more. Shop MiniCanvasArt on Redbubble! #whitecat #catheart #lovecat #valentinesday #romanticcat",https://www.redbubble.com/i/t-shirt/White-Cat-with-Red-Heart-Minimalist-Love-Art-by-MiniCanvasArt/180121839/lrcw,"https://ih1.redbubble.net/image.180121839/flat,750x,075,f-pad,750x1000,f8f8f8.jpg",Cat Lover Gifts
Funny Frog Current Mood Doin Nothin Vintage Style,"For coffee addicts ☕ Funny Frog Current Mood Doin Nothin Vintage Style. Perfect gift for coffee lovers! Available as stickers, mugs & tees on Redbubble. #funnyfrog #currentmood #doingnothing #cottagecore #vintagefrog",https://www.redbubble.com/i/sticker/Funny-Frog-Current-Mood-Doin-Nothin-Vintage-Style-by-MiniCanvasArt/180052305/7sgk,"https://ih1.redbubble.net/image.180052305/flat,750x,075,f-pad,750x1000,f8f8f8.jpg",Coffee Lover Gifts
"Funny Black Cat Hanging On - ""Hang In There"" Art","Purrfect for cat lovers! 🐱 Funny Black Cat Hanging On - ""Hang In There"" Art. Available as stickers, tees, phone cases & more. Shop MiniCanvasArt on Redbubble! #blackcat #hangingcat #catlover #minimalistcat #funnyanimal",https://www.redbubble.com/i/iphone-case/Funny-Black-Cat-Hanging-On-Hang-In-There-Art-by-MiniCanvasArt/180097259/3bp7,"https://ih1.redbubble.net/image.180097259/flat,750x,075,f-pad,750x1000,f8f8f8.jpg",Cat Lover Gifts
Happy Rolling Black Cat - Minimalist Feline Art,"Purrfect for cat lovers! 🐱 Happy Rolling Black Cat - Minimalist Feline Art. Available as stickers, tees, phone cases & more. Shop MiniCanvasArt on Redbubble! #blackcat #happycat #rollingcat #catlover #minimalistcat",https://www.redbubble.com/i/t-shirt/Happy-Rolling-Black-Cat-Minimalist-Feline-Art-by-MiniCanvasArt/180097309/rh5j,"https://ih1.redbubble.net/image.180097309/flat,750x,075,f-pad,750x1000,f8f8f8.jpg",Cat Lover Gifts
Japanese Raven Red Sun Aesthetic Crow Art,"Japanese-inspired art 🌸 Japanese Raven Red Sun Aesthetic Crow Art. Available as prints, stickers & tees. Shop MiniCanvasArt on Redbubble! #crow #japaneseaesthetic #redsun #sakura #cherryblossom",https://www.redbubble.com/i/tote-bag/Japanese-Raven-Red-Sun-Aesthetic-Crow-Art-by-MiniCanvasArt/180055081/7prg,"https://ih1.redbubble.net/image.180055081/flat,750x,075,f-pad,750x1000,f8f8f8.jpg",Japanese Aesthetic Art
White Cat and Butterfly - Minimalist Nature Aesthetic,"Purrfect for cat lovers! 🐱 White Cat and Butterfly - Minimalist Nature Aesthetic. Available as stickers, tees, phone cases & more. Shop MiniCanvasArt on Redbubble! #whitecat #butterfly #naturelover #minimalistcat #cutekitten",https://www.redbubble.com/i/sticker/White-Cat-and-Butterfly-Minimalist-Nature-Aesthetic-by-MiniCanvasArt/180122067/7sgk,"https://ih1.redbubble.net/image.180122067/flat,750x,075,f-pad,750x1000,f8f8f8.jpg",Cat Lover Gifts
Cute Black Cat and Butterfly Minimalist Art,"Purrfect for cat lovers! 🐱 Cute Black Cat and Butterfly Minimalist Art. Available as stickers, tees, phone cases & more. Shop MiniCanvasArt on Redbubble! #blackcat #butterfly #naturelover #minimalistcat #cutekitten",https://www.redbubble.com/i/throw-pillow/Cute-Black-Cat-and-Butterfly-Minimalist-Art-by-MiniCanvasArt/180097362/xwxm,"https://ih1.redbubble.net/image.180097362/flat,750x,075,f-pad,750x1000,f8f8f8.jpg",Cat Lover Gifts
Happy White Cat Belly Rub - Minimalist Cozy Art,"Purrfect for cat lovers! 🐱 Happy White Cat Belly Rub - Minimalist Cozy Art. Available as stickers, tees, phone cases & more. Shop MiniCanvasArt on Redbubble! #whitecat #catbelly #sleepingcat #happykitten #minimalistcat",https://www.redbubble.com/i/pouch/Happy-White-Cat-Belly-Rub-Minimalist-Cozy-Art-by-MiniCanvasArt/180122152/lwbc,"https://ih1.redbubble.net/image.180122152/flat,750x,075,f-pad,750x1000,f8f8f8.jpg",Cat Lover Gifts
Mentally On Vacation Funny Surfing Retro Sunset,"Purrfect for cat lovers! 🐱 Mentally On Vacation Funny Surfing Retro Sunset. Available as stickers, tees, phone cases & more. Shop MiniCanvasArt on Redbubble! #mentallyonvacation #surfing #summervibes #retrosunset #vintagebeach",https://www.redbubble.com/i/sticker/Mentally-On-Vacation-Funny-Surfing-Retro-Sunset-by-MiniCanvasArt/180053555/7sgk,"https://ih1.redbubble.net/image.180053555/flat,750x,075,f-pad,750x1000,f8f8f8.jpg",Cat Lover Gifts
Cute Black Cat Reaching for Heart - Sweet Love Art,"Purrfect for cat lovers! 🐱 Cute Black Cat Reaching for Heart - Sweet Love Art. Available as stickers, tees, phone cases & more. Shop MiniCanvasArt on Redbubble! #blackcat #catheart #valentinesday #lovecat #cutekitten",https://www.redbubble.com/i/t-shirt/Cute-Black-Cat-Reaching-for-Heart-Sweet-Love-Art-by-MiniCanvasArt/180097407/lrcw,"https://ih1.redbubble.net/image.180097407/flat,750x,075,f-pad,750x1000,f8f8f8.jpg",Cat Lover Gifts
Curious Black Cat and Goldfish Minimalist Art,"Purrfect for cat lovers! 🐱 Curious Black Cat and Goldfish Minimalist Art. Available as stickers, tees, phone cases & more. Shop MiniCanvasArt on Redbubble! #blackcat #goldfish #curiouscat #catlover #minimalistcat",https://www.redbubble.com/i/sticker/Curious-Black-Cat-and-Goldfish-Minimalist-Art-by-MiniCanvasArt/180097462/7sgk,"https://ih1.redbubble.net/image.180097462/flat,750x,075,f-pad,750x1000,f8f8f8.jpg",Cat Lover Gifts
Cozy Bookish White Cat - Minimalist Reading Art,"Purrfect for cat lovers! 🐱 Cozy Bookish White Cat - Minimalist Reading Art. Available as stickers, tees, phone cases & more. Shop MiniCanvasArt on Redbubble! #whitecat #booklover #bookworm #readingcat #cozyaesthetic",https://www.redbubble.com/i/hoodie/Cozy-Bookish-White-Cat-Minimalist-Reading-Art-by-MiniCanvasArt/180122243/2j5j,"https://ih1.redbubble.net/image.180122243/flat,750x,075,f-pad,750x1000,f8f8f8.jpg",Cat Lover Gifts
Coffee First Black Cat - Morning Cozy Minimalist,"Purrfect for cat lovers! 🐱 Coffee First Black Cat - Morning Cozy Minimalist. Available as stickers, tees, phone cases & more. Shop MiniCanvasArt on Redbubble! #blackcat #coffeelover #caffeineaddict #morningcoffee #cutekitten",https://www.redbubble.com/i/sticker/Coffee-First-Black-Cat-Morning-Cozy-Minimalist-by-MiniCanvasArt/180097496/7sgk,"https://ih1.redbubble.net/image.180097496/flat,750x,075,f-pad,750x1000,f8f8f8.jpg",Cat Lover Gifts
Magic White Cat on Moon - Celestial Dream Art,"Purrfect for cat lovers! 🐱 Magic White Cat on Moon - Celestial Dream Art. Available as stickers, tees, phone cases & more. Shop MiniCanvasArt on Redbubble! #whitecat #crescentmoon #celestialart #magiccat #dreamyaesthetic",https://www.redbubble.com/i/t-shirt/Magic-White-Cat-on-Moon-Celestial-Dream-Art-by-MiniCanvasArt/180122356/z5wf,"https://ih1.redbubble.net/image.180122356/flat,750x,075,f-pad,750x1000,f8f8f8.jpg",Cat Lover Gifts
Black Cats in Love - Heart Tails Minimalist Art,"Purrfect for cat lovers! 🐱 Black Cats in Love - Heart Tails Minimalist Art. Available as stickers, tees, phone cases & more. Shop MiniCanvasArt on Redbubble! #blackcats #catlove #hearttails #valentinesday #romanticcat",https://www.redbubble.com/i/t-shirt/Black-Cats-in-Love-Heart-Tails-Minimalist-Art-by-MiniCanvasArt/180097580/lrcw,"https://ih1.redbubble.net/image.180097580/flat,750x,075,f-pad,750x1000,f8f8f8.jpg",Cat Lover Gifts
Sleeping White Cat on Bookshelf - Cozy Home Library Art,"Purrfect for cat lovers! 🐱 Sleeping White Cat on Bookshelf - Cozy Home Library Art. Available as stickers, tees, phone cases & more. Shop MiniCanvasArt on Redbubble! #whitecat #sleepingcat #bookshelf #booklover #readingaesthetic",https://www.redbubble.com/i/t-shirt/Sleeping-White-Cat-on-Bookshelf-Cozy-Home-Library-Art-by-MiniCanvasArt/180122411/lrcw,"https://ih1.redbubble.net/image.180122411/flat,750x,075,f-pad,750x1000,f8f8f8.jpg",Cat Lover Gifts
Two Sweet White Cats Sitting Together - Minimalist Friendship Art,"Purrfect for cat lovers! 🐱 Two Sweet White Cats Sitting Together - Minimalist Friendship Art. Available as stickers, tees, phone cases & more. Shop MiniCanvasArt on Redbubble! #twowhitecats #bestfriends #catcouple #minimalistcat #cutekittens",https://www.redbubble.com/i/t-shirt/Two-Sweet-White-Cats-Sitting-Together-Minimalist-Friendship-Art-by-MiniCanvasArt/180139036/lrcw,"https://ih1.redbubble.net/image.180139036/flat,750x,075,f-pad,750x1000,f8f8f8.jpg",Cat Lover Gifts
Funny White Cat Scratch - Minimalist Interactive Art,"Purrfect for cat lovers! 🐱 Funny White Cat Scratch - Minimalist Interactive Art. Available as stickers, tees, phone cases & more. Shop MiniCanvasArt on Redbubble! #whitecat #catscratch #funnycat #playfulkitten #minimalistcat",https://www.redbubble.com/i/t-shirt/Funny-White-Cat-Scratch-Minimalist-Interactive-Art-by-MiniCanvasArt/180122465/lrcw,"https://ih1.redbubble.net/image.180122465/flat,750x,075,f-pad,750x1000,f8f8f8.jpg",Cat Lover Gifts
Funny Black Cat Hanging On Minimalist Art,"Purrfect for cat lovers! 🐱 Funny Black Cat Hanging On Minimalist Art. Available as stickers, tees, phone cases & more. Shop MiniCanvasArt on Redbubble! #blackcat #hangingcat #catlover #minimalistcat #funnyanimal",https://www.redbubble.com/i/t-shirt/Funny-Black-Cat-Hanging-On-Minimalist-Art-by-MiniCanvasArt/180096135/z5wf,"https://ih1.redbubble.net/image.180096135/flat,750x,075,f-pad,750x1000,f8f8f8.jpg",Cat Lover Gifts
Black Cats in Love - Heart Tails Minimalist,"Purrfect for cat lovers! 🐱 Black Cats in Love - Heart Tails Minimalist. Available as stickers, tees, phone cases & more. Shop MiniCanvasArt on Redbubble! #blackcats #catlove #hearttails #valentinesday #romanticcat",https://www.redbubble.com/i/sticker/Black-Cats-in-Love-Heart-Tails-Minimalist-by-MiniCanvasArt/180097642/7sgk,"https://ih1.redbubble.net/image.180097642/flat,750x,075,f-pad,750x1000,f8f8f8.jpg",Cat Lover Gifts
White Cat Paw Prints - Minimalist Trail Pattern,"Purrfect for cat lovers! 🐱 White Cat Paw Prints - Minimalist Trail Pattern. Available as stickers, tees, phone cases & more. Shop MiniCanvasArt on Redbubble! #catpaws #paw #whitecat #minimalistpattern #cutekitten",https://www.redbubble.com/i/t-shirt/White-Cat-Paw-Prints-Minimalist-Trail-Pattern-by-MiniCanvasArt/180122523/lrcw,"https://ih1.redbubble.net/image.180122523/flat,750x,075,f-pad,750x1000,f8f8f8.jpg",Cat Lover Gifts
Funny Peeking Black Cat Minimalist Decor,"Purrfect for cat lovers! 🐱 Funny Peeking Black Cat Minimalist Decor. Available as stickers, tees, phone cases & more. Shop MiniCanvasArt on Redbubble! #blackcat #peekingcat #funnycat #catlover #minimalistcat",https://www.redbubble.com/i/poster/Funny-Peeking-Black-Cat-Minimalist-Decor-by-MiniCanvasArt/180096222/flk2,"https://ih1.redbubble.net/image.180096222/flat,750x,075,f-pad,750x1000,f8f8f8.jpg",Cat Lover Gifts
Minimalist Black Cat Paw Prints Pattern,"Purrfect for cat lovers! 🐱 Minimalist Black Cat Paw Prints Pattern. Available as stickers, tees, phone cases & more. Shop MiniCanvasArt on Redbubble! #catpaws #paw #catlover #minimalistpattern #blackcat",https://www.redbubble.com/i/sticker/Minimalist-Black-Cat-Paw-Prints-Pattern-by-MiniCanvasArt/180097684/7sgk,"https://ih1.redbubble.net/image.180097684/flat,750x,075,f-pad,750x1000,f8f8f8.jpg",Cat Lover Gifts
Two Sweet White Cats Sitting Together - Minimalist Friendship Art,"Purrfect for cat lovers! 🐱 Two Sweet White Cats Sitting Together - Minimalist Friendship Art. Available as stickers, tees, phone cases & more. Shop MiniCanvasArt on Redbubble! #twowhitecats #bestfriends #catcouple #minimalistcat #cutekittens",https://www.redbubble.com/i/t-shirt/Two-Sweet-White-Cats-Sitting-Together-Minimalist-Friendship-Art-by-MiniCanvasArt/180139119/lrcw,"https://ih1.redbubble.net/image.180139119/flat,750x,075,f-pad,750x1000,f8f8f8.jpg",Cat Lover Gifts
White Cat Coffee Break - Minimalist Cozy Morning,"Purrfect for cat lovers! 🐱 White Cat Coffee Break - Minimalist Cozy Morning. Available as stickers, tees, phone cases & more. Shop MiniCanvasArt on Redbubble! #whitecat #coffeelover #catdrinkingcoffee #morningbrew #cutekitten",https://www.redbubble.com/i/t-shirt/White-Cat-Coffee-Break-Minimalist-Cozy-Morning-by-MiniCanvasArt/180122589/lrcw,"https://ih1.redbubble.net/image.180122589/flat,750x,075,f-pad,750x1000,f8f8f8.jpg",Cat Lover Gifts
Cute Black Cat in Pocket Minimalist Art,"Purrfect for cat lovers! 🐱 Cute Black Cat in Pocket Minimalist Art. Available as stickers, tees, phone cases & more. Shop MiniCanvasArt on Redbubble! #blackcat #catinpocket #cutekitten #minimalistcat #catlover",https://www.redbubble.com/i/throw-pillow/Cute-Black-Cat-in-Pocket-Minimalist-Art-by-MiniCanvasArt/180096280/xwxm,"https://ih1.redbubble.net/image.180096280/flat,750x,075,f-pad,750x1000,f8f8f8.jpg",Cat Lover Gifts
Magic Black Cat on Moon - Celestial Minimalist Art,"Purrfect for cat lovers! 🐱 Magic Black Cat on Moon - Celestial Minimalist Art. Available as stickers, tees, phone cases & more. Shop MiniCanvasArt on Redbubble! #blackcat #crescentmoon #celestialart #magiccat #witchyvibes",https://www.redbubble.com/i/sticker/Magic-Black-Cat-on-Moon-Celestial-Minimalist-Art-by-MiniCanvasArt/180097741/7sgk,"https://ih1.redbubble.net/image.180097741/flat,750x,075,f-pad,750x1000,f8f8f8.jpg",Cat Lover Gifts
Sleeping Black Cat in Pocket Cute Minimalist Art,"Purrfect for cat lovers! 🐱 Sleeping Black Cat in Pocket Cute Minimalist Art. Available as stickers, tees, phone cases & more. Shop MiniCanvasArt on Redbubble! #blackcat #catinpocket #cutekitten #minimalistcat #catlover",https://www.redbubble.com/i/long-sleeve-t-shirt/Sleeping-Black-Cat-in-Pocket-Cute-Minimalist-Art-by-MiniCanvasArt/180096325/lmjc,"https://ih1.redbubble.net/image.180096325/flat,750x,075,f-pad,750x1000,f8f8f8.jpg",Cat Lover Gifts
Sleeping White Cat in Pocket - Cute Minimalist Art,"Purrfect for cat lovers! 🐱 Sleeping White Cat in Pocket - Cute Minimalist Art. Available as stickers, tees, phone cases & more. Shop MiniCanvasArt on Redbubble! #whitecat #pocketcat #sleepingkitten #cutecat #minimalistcat",https://www.redbubble.com/i/iphone-case/Sleeping-White-Cat-in-Pocket-Cute-Minimalist-Art-by-MiniCanvasArt/180122753/3bp7,"https://ih1.redbubble.net/image.180122753/flat,750x,075,f-pad,750x1000,f8f8f8.jpg",Cat Lover Gifts
Curious Peeking White Cat - Minimalist Shelf Art,"Purrfect for cat lovers! 🐱 Curious Peeking White Cat - Minimalist Shelf Art. Available as stickers, tees, phone cases & more. Shop MiniCanvasArt on Redbubble! #whitecat #curiouscat #peekingcat #bookshelf #booklover",https://www.redbubble.com/i/sweatshirt/Curious-Peeking-White-Cat-Minimalist-Shelf-Art-by-MiniCanvasArt/180122864/du6s,"https://ih1.redbubble.net/image.180122864/flat,750x,075,f-pad,750x1000,f8f8f8.jpg",Cat Lover Gifts
Funny Peeking Black Cat - I See You!,"Purrfect for cat lovers! 🐱 Funny Peeking Black Cat - I See You!. Available as stickers, tees, phone cases & more. Shop MiniCanvasArt on Redbubble! #blackcat #peekingcat #funnycat #catlover #minimalistcat",https://www.redbubble.com/i/greeting-card/Funny-Peeking-Black-Cat-I-See-You-by-MiniCanvasArt/180096501/qjsu,"https://ih1.redbubble.net/image.180096501/flat,750x,075,f-pad,750x1000,f8f8f8.jpg",Cat Lover Gifts
